text,label
"Everyone forgets Jokic averaged a triple-double through the playoffs while basically carrying a roster with no other All-Star. You don't fluke that. Volume and efficiency, from a center, and we've genuinely never seen it before.",analysis
"The on/off splits say it all. Wolves were +9.1 per 100 with Gobert anchoring the paint and roughly league average without him. Rim protection travels in the playoffs, that's the whole reason they jumped a tier.",analysis
"Comparing him to MJ kinda ignores pace. Jordan played in an era around 91 possessions a game, we're closer to 99 now. Per possession the scoring gap is way smaller than the raw PPG makes it look.",analysis
"Boston's whole thing is the 0.5 second rule, catch decide move within half a second. It's why their corner three rate led the league and their assist percentage jumped after the Porzingis trade.",analysis
"The Clippers gave up a 27 year old All-NBA wing, an All-Star guard and a pile of unprotected picks for George. Like the player or not, that pick capital is what kept them out of the lottery protection conversation for years.",analysis
"Embiid's free throw rate is basically his whole offense. When the refs let teams get physical in the playoffs his TS% drops like six points, and that's the difference between a 30 piece and a 22 point grind.",analysis
"Historically, teams that win the offensive rebounding battle by 5+ in a series win it around 70% of the time. OKC crashing the glass isn't random, it's a deliberate variance play.",analysis
"Chart his shot diet and 38% of his attempts are pull up threes. Those are hard shots, so the low efficiency takes kinda ignore how tough the looks he's creating actually are.",analysis
"Pacers offense fell off for a simple spacing reason. With Turner stretching the floor Haliburton had a driving lane. No real five who shoots and the paint clogs, then his assist numbers crater.",analysis
"Furthest draft pick to make an All-Star team is pretty much Isaiah Thomas at 60th before the injuries got him. Sikma went 8th, so the 'nobody saw it coming' framing doesn't really hold up.",analysis
"Win shares get noisy in small samples but across 82 games they line up well with team success. His 13.2 last year was top five in the league and the eye test backs up the volume.",analysis
"Switch everything only works if all five guys can actually hold up on an island. The second you've got one non-switchable defender, playoff offenses hunt him every possession.",analysis
"The Luka trade looks lopsided because Dallas took back an injury prone center and a role player for a 25 year old top three offensive engine. Debate the fit all you want, on pure asset value it's hard to defend.",analysis
"His true shooting jumped from 56 to 61 after they staggered his minutes with the bench unit. More touches against second units pumped up the efficiency, so context matters before you crown the leap as real growth.",analysis
Defensive rating doesn't capture how much he disrupts without fouling. His deflection rate and the fact opponents shot 9% worse at the rim against him tell a story the box score totally misses.,analysis
"The 73 win Warriors had a +10.8 net rating. This year's best team is at +8.9. The regular season dominance just isn't on the same level historically, even if the talent feels comparable.",analysis
Rookie scoring is up across the league mostly because of pace and three point volume. Adjust for usage and the efficiency for this class is pretty pedestrian.,analysis
"Factor in that he played 30% of his minutes at the five in small ball lineups and the rebounding is actually below average for that role. Position matters when you're throwing around per game boards.",analysis
"That comeback worked because of a zone wrinkle. They went 2-3 for six possessions, forced three turnovers, and the whole run was built on those live ball giveaways, not some sudden shooting surge.",analysis
"People give the coach credit for the turnaround but the schedule got way easier. They played the softest stretch in the league by opponent win percentage during that 12-2 run, so regress the hype accordingly.",analysis
His 3.1 assist to turnover ratio is elite for a high usage guard. Stack him up against other primary creators carrying 30%+ usage and you see how rare that kind of ball security really is.,analysis
"Clutch stats are small sample but over three seasons he's shooting 47% on clutch shots on real volume. That's not a hot streak anymore, that's just a skill at this point.",analysis
The Spurs development model has always been passing IQ over raw athleticism. It's why their second rounders keep outplaying their draft slot compared to other franchises.,analysis
"Isolate his half court possessions, strip out transition, and the efficiency falls to the 40th percentile. A lot of his scoring is pace driven, which is exactly what playoff defenses are built to take away.",analysis
"The real story is the cap math. They're hard capped at the first apron, so anything they take back has to fit within about $8M of outgoing salary. That limits the trade tree more than fans realize.",analysis
"Three point variance decides modern playoff series more than people want to admit. The team that shot better from deep won 11 of the last 14 conference finals. Shot quality matters, but so does luck on a given night.",analysis
"His usage went up four points and the efficiency held, which is the hardest thing to pull off in this league. Most guys fall off a cliff when you hand them more shot creation.",analysis
"Across eras, defensive three seconds and the hand check rules completely changed perimeter scoring. You can't just compare a 30 PPG season in 2005 to one now without adjusting for the rule changes.",analysis
"Their bench struggled and the lineup data shows why. Most used second unit had a -7 net rating while the starters were +12. Stagger the stars more and that gap closes.",analysis
"He shot 40% from three catch and shoot but only 31% off the dribble. Defenses know it, so they go under every screen and dare him to pull up, which is why his scoring stalled in the half court.",analysis
"Rebounding is partly a team stat. His individual numbers look great but the team grabbed a lower share of available boards with him on the floor, which says he's vacuuming up teammates' rebounds.",analysis
"The Paul George return for Indiana years back netted Sabonis and Oladipo, and Oladipo made All-NBA the next year. Context wise that's still one of the better PG returns we've seen.",analysis
"His plus minus is propped up by playing next to two All-Stars. Look at his minutes without them and the lineups are barely above water, which complicates the whole MVP thing.",analysis
"Pace adjusted, the defense gave up 112 per 100, good for 18th. The elite defense label comes from raw points allowed, but they play slow, so the per possession number is more honest.",analysis
"The trade deadline was quiet because of the new CBA. Second apron penalties make teams hoard expirings and avoid aggregating salary, so the volume of moves dropped league wide this year.",analysis
"Watch the film and the double comes a beat late every single time, which is how he's been picking teams apart. It's a coverage problem, not just him being brilliant.",analysis
"Career playoff splits matter here. He shoots 4% worse from the field and his turnover rate climbs in elimination games over a decent sample. That's a real trend, not a couple bad nights.",analysis
Offensive rating with him running the show is 119 and it drops to 108 with the backup. That 11 point swing is basically the whole reason they're a playoff team and not a lottery team.,analysis
"Free agency value is all about opportunity cost. Overpaying a good not great wing on a long deal is what kills your flexibility three years out, which is the exact trap they just walked into.",analysis
"Eye test says he's a great defender but the tracking data says he gambles for steals and gives up backdoor cuts a ton. High event defense isn't always efficient defense.",analysis
"Adjust for garbage time and his fourth quarter numbers shrink a lot. A chunk of that scoring comes in blowouts, so the closer reputation isn't really backed up by the high leverage data.",analysis
"The 2004 Pistons proved you can win a title without a superstar if your defense is historically good and balanced. This roster is built on the same five out, switch everything idea.",analysis
"His rim finishing dropped to 58% this year, well under his career mark. The athleticism dip after the achilles is showing up in the data, even if the highlight dunks still go viral.",analysis
Strength of schedule explains a lot of the early standings. Three of the top seeds played a soft non conference slate and the metrics already project regression once it balances out.,analysis
"Zone defense is creeping back because of three point volume. If you can force teams into contested above the break threes, you're mathematically lowering their expected points per possession.",analysis
"Look at the four factors, they win turnover rate and free throw rate but lose the shooting battle most nights. That's a fragile formula because turnovers are the least repeatable of the four.",analysis
His contract is actually team friendly when you line the cap hit up against comparable players. Locking a 26 year old All-Star at 28% of the cap is a steal in a rising cap environment.,analysis
"Defenses are blitzing the pick and roll to get the ball out of his hands and his teammates are shooting 33% on the 4 on 3s. The scheme's fine, the supporting cast just isn't punishing it.",analysis
"Separate his transition threes from his half court threes and the gap is stark. Elite in the open floor, merely average set in the half court, which is exactly what playoff slowdowns expose.",analysis
"The historical comp for this kind of leap is a guard who improves his pull up jumper between years two and three. That's the swing skill, and the early shot chart says it's actually happening.",analysis
"Clutch net rating is volatile but their late game offense ranks dead last in points per possession. That's a coaching and personnel issue around shot selection, not just bad shooting luck.",analysis
"He fits better here because of the spacing. Surround a slasher with four shooters instead of two and you completely change the geometry of his drives, and the rim attempts per game prove it.",analysis
"Big men who lean on touch over explosion tend to age better. His game was never about athleticism, so projecting him to stay effective into his mid 30s is reasonable based on similar guys.",analysis
"Their defense got better because they stopped switching one through five and started dropping the center in the pick and roll. Opponent rim frequency went up but the efficiency at the rim dropped, worth the trade.",analysis
"MVP usually goes to the best player on a top two seed. Voting history says availability matters too, and missing 20 games has basically been a disqualifier regardless of the per game stats.",analysis
"Watch the possessions and most of his assists are simple swing passes that pick up hockey assist credit. His actual creation rate, passes that lead straight to a rim shot, is a lot more modest.",analysis
"The luxury tax repeater penalty is why small market teams break up cores early. It's not always talent evaluation, the financial math forces moves that look like panic from the outside.",analysis
"Their offense ranks first in the half court but last in transition, which is weird. Tells you it's a deliberate, methodical scheme that wins on execution instead of chaos and pace.",analysis
"He's shooting a career high from three but it's 90 attempts. Bet on regression to his career 34%. One good month isn't enough to call it a real change in his game.",analysis
"Lineup data has the closing five at +15 in 200 minutes together. That's the lineup that matters in the playoffs, and it's why I'm higher on this team than the seed says.",analysis
"Fouls matter so much here because of the bonus. They've got opponents in the penalty by the seven minute mark of quarters, which pumps their free throw rate and quietly props up the offensive rating.",analysis
"His defensive impact shows up in opponent shot location. Teams take 6% fewer shots at the rim with him out there, settling for midrange, which is exactly what a drop coverage anchor is supposed to force.",analysis
"Comparing him to the all time greats by raw counting stats ignores that he plays nine more minutes a game than they did in their primes. Per 36 the gap is real but way narrower.",analysis
"The trade made sense because of the timeline. You don't pair a 22 year old building block with a 34 year old win now vet unless you've misread your own window, and the front office finally fixed that.",analysis
"Their three point defense is 'good' by percentage but they allow the third most attempts in the league. That's a luck dependent profile because opponent three point percentage is the noisiest defensive stat there is.",analysis
"Isolate the minutes the stars sit and the bench gets outscored by 8 per 100. That's the single biggest fixable weakness, and it's a roster construction problem more than a coaching one.",analysis
"He averages 2.1 deflections and 1.4 steals but his man shoots better than league average. High activity, low discipline defense like that gets cooked by elite half court offenses in May.",analysis
That second round pick was so valuable because of the contract control. Four years of a cost controlled rotation guy is worth more in this CBA than a mid level vet on an expiring.,analysis
"His scoring efficiency by zone tells the whole story: 68% at the rim, 41% midrange, 38% from three. Genuinely balanced, modern shot diet, which is why defenses can't load up on any one spot.",analysis
"People keep bringing up his playoff record against top seeds as proof he's overrated, but you've gotta adjust for the rosters. In the years he had a top 15 supporting cast his series win rate against one seeds is actually above .500.",analysis
Man they really got hosed in the Luka trade and everyone defending it is in denial.,hot_take
Peak offseason content and we're not even two weeks in. Won't be topped.,hot_take
Jokic is the best player of this generation and it's not close. Argue with the wall.,hot_take
"This is a championship-or-bust season and if they don't win it, blow the whole thing up.",hot_take
"He's a top-five player right now, full stop. The narrative will catch up eventually.",hot_take
"Mark my words, this rookie is going to be a perennial All-NBA guy within three years.",hot_take
The Lakers are going to make the Finals this year. I don't care what the roster looks like on paper.,hot_take
Trading that pick is going to be the worst decision this franchise makes all decade.,hot_take
"He's washed. Cash the checks and move on, the explosiveness is just gone.",hot_take
This team is a fraud and they're getting bounced in the first round again.,hot_take
"Honestly the East is a complete joke this year, any of the top three could win it and nobody would blink.",hot_take
He's going to win MVP. Lock it in now before the odds shift.,hot_take
That extension is going to age like milk. Massive overpay for a guy past his prime.,hot_take
The dynasty is officially over and people are too scared to say it out loud.,hot_take
Best backcourt in the league and it's honestly not even a debate at this point.,hot_take
They should have tanked. This middle-of-the-pack purgatory is the worst place to be in the NBA.,hot_take
He's the most overrated player in the league and his stats are empty calories.,hot_take
This is the most talented roster they've assembled in 20 years and they're still going to fumble it.,hot_take
"Calling it now, this is the year the streak ends and the whole conference shifts.",hot_take
"That coach is going to be fired by the All-Star break, no chance he survives this start.",hot_take
He's a better scorer than half the guys people put in the GOAT conversation.,hot_take
"Worst free-agent signing of the summer, hands down. They'll regret it by December.",hot_take
This kid is already the best two-way player on the roster as a rookie. Insane.,hot_take
The Warriors window slammed shut two years ago and nobody wants to admit it.,hot_take
He'll never win a title as the best player on a team. Just not built for it.,hot_take
They're going to regret not trading him while his value was at its absolute peak.,hot_take
"This is a 50-win team minimum, and if they're not, the season's a total failure.",hot_take
Honestly he's already a better passer than most point guards in the league and he's a forward.,hot_take
That was the most lopsided trade since the Gasol deal and it's not even debatable.,hot_take
He's going to average a triple-double again and people will still find a reason to downplay it.,hot_take
The refs decide this league now. The integrity of the playoffs is basically gone.,hot_take
"Bench is too thin, they're one injury away from being a lottery team.",hot_take
He's the most clutch player in the league right now and it's not particularly close.,hot_take
This front office has no plan and they're going to waste another prime year.,hot_take
That dunk alone is worth the price of a League Pass subscription for the whole season.,hot_take
He's going to be a Hall of Famer and people are sleeping on him because of his market.,hot_take
The MVP race is over. Everyone else is playing for second at this point.,hot_take
They overpaid for a role player and now they're capped out for the next three years. Disaster.,hot_take
He single-handedly carries that offense and the supporting cast is dead weight.,hot_take
This is the worst-coached team with this much talent that I've seen in years.,hot_take
He's a future MVP and I'll die on this hill no matter how many people laugh.,hot_take
That whole conference is wide open and whoever gets healthy is going to the Finals.,hot_take
"They're contenders the second he comes back, mark it down.",hot_take
He's the best defender of his generation and the awards voters keep robbing him.,hot_take
This rebuild is going to take a decade. They have no idea what they're doing.,hot_take
The league is soft now. None of these guys would survive the 90s for a single quarter.,hot_take
"He's going to drop 40 in a playoff closeout game this year, just watch.",hot_take
That trade demand is going to look like genius in two years when this team is hunting a ring.,hot_take
He's already top three at his position and he just turned 22. Scary.,hot_take
They're going to choke in the second round like they do every single year.,hot_take
This is the most overhyped draft class in recent memory and it's not close.,hot_take
He deserves max money and anyone saying otherwise hasn't watched him carry that team.,hot_take
The Celtics are going to run the East for the next five years and everyone should just accept it.,hot_take
He's a bottom-tier All-Star at best and the hype is completely manufactured.,hot_take
"That signing instantly makes them the team to beat in the West, no question.",hot_take
He's going to get traded by the deadline and it's going to reshape the whole league.,hot_take
This team's ceiling is a play-in spot and the fans are delusional about it.,hot_take
He's the best shooter alive right now and Steph fans can argue all they want.,hot_take
They're going to win 60 games and still get doubted because of the market.,hot_take
Worst contract in the league and it's going to handcuff them until the cap explodes.,hot_take
He's a walking triple-double and he still doesn't get the respect he's earned.,hot_take
This is a Finals team if the coach would just stop overthinking the rotations.,hot_take
He's going to be out of the league in five years if he doesn't fix that jumper.,hot_take
That was the steal of the draft and every team that passed on him is going to regret it.,hot_take
"The dynasty talk is premature. One ring doesn't make you a dynasty, period.",hot_take
WE'RE SOOO BACKKK,reaction
Jesus this is so incredibly pathetic.,reaction
NAH I'M DONE WITH THIS TEAM FOR REAL THIS TIME,reaction
LETS GOOOOO BABY,reaction
I literally cannot believe what I just watched.,reaction
bro I'm crying this is the worst thing I've ever seen,reaction
MVP!!! MVP!!! MVP!!!,reaction
Welp. Time to find a new hobby I guess.,reaction
THAT SHOT WAS DISGUSTING I'M SHAKING,reaction
I have never been so happy in my entire life right now.,reaction
absolutely nobody saw this coming what is happening,reaction
Fire everyone. Burn it all down.,reaction
I'm at work trying not to scream LETS GO,reaction
Bro hung up the phone on his career like that????,reaction
this man is NOT human good lord,reaction
my heart can't take this anymore I'm too old,reaction
GET THIS MAN OFF MY TEAM IMMEDIATELY,reaction
I'm in actual tears this is beautiful,reaction
Nah this can't be real. Someone wake me up.,reaction
THE ROOF IS COMING OFF THE ARENA RIGHT NOW,reaction
every single year man. every. single. year.,reaction
I screamed so loud my neighbor knocked on the wall,reaction
ARE YOU KIDDING ME WITH THIS,reaction
we don't deserve this man honestly we don't,reaction
I think I just blacked out for a second there,reaction
"ladies and gentlemen, we got him.",reaction
this is the most fun I've had watching ball in years,reaction
I'm physically ill. Genuinely going to be sick.,reaction
MY GOAT MY GOAT MY GOAT,reaction
lmaooo this franchise is cursed I swear,reaction
I can't stop smiling what a night,reaction
Throw the whole team in the garbage.,reaction
WHAT A GAME I'M SWEATING,reaction
bro I jumped off my couch and scared my cat,reaction
this is so over. it's joever.,reaction
I'M NOT CRYING YOU'RE CRYING,reaction
Unwatchable. Absolutely unwatchable basketball.,reaction
we are SO up it's unbelievable,reaction
I have lost the ability to feel emotions after that loss.,reaction
GOOSEBUMPS. actual goosebumps right now.,reaction
Refs robbed us blind and I'm furious.,reaction
best day of my life no exaggeration,reaction
I can't watch the rest of this it's too painful,reaction
THE CROWD JUST ERUPTED I HAVE CHILLS,reaction
yeah I'm not sleeping tonight after that one,reaction
embarrassing. just flat out embarrassing.,reaction
this is why I love this sport oh my god,reaction
I dropped my phone I screamed so loud,reaction
Pack it up. Season's over. See everyone next year.,reaction
BANG BANG BANG WHAT A SHOT,reaction
my soul left my body when that went in,reaction
I hate it here. I genuinely hate it here.,reaction
we cooked them so bad I almost feel bad. almost.,reaction
I'm shaking I can't even type rn,reaction
NOOOO not like this please not like this,reaction
what a time to be a fan honestly,reaction
I'm gonna throw my remote through the TV,reaction
chills. pure chills. unreal moment.,reaction
this team is going to be the death of me,reaction
LETS GO BABY THATS WHAT I'M TALKING ABOUT,reaction
I can't believe I stayed up for this garbage.,reaction
the building is SHAKING right now I can feel it,reaction
absolutely heartbroken. don't talk to me.,reaction
WE WON WE ACTUALLY WON I'M LOSING IT,reaction
okay that was actually insane I have no words,reaction
